e2e4,e7e5,g1f3,b8c6
e2e4,e7e5,g1f3,g8f6
e2e4,e7e5,b1c3,g8f6
e2e4,e7e5,f2f4
e2e4,e7e5,d2d4
e2e4,c7c5,g1f3,d7d6
e2e4,c7c5,g1f3,b8c6
d2d4,d7d5,c2c4,d5c4,g1f3,g8f6,e2e3,e7e6,f1c4,c7c5,e1g1,a7a6
e2e4,c7c5,c2c3
e2e4,e7e6,d2d4,d7d5
e2e4,c7c6,d2d4,d7d5
e2e4,e7e5,g1f3,b8c6,f1b5,a7a6,b5a4,g8f6,e1g1,f8e7,f1e1,b7b5
e2e4,d7d6,d2d4,g8f6
e2e4,g7g6,d2d4,f8g7
e2e4,c7c5,g1f3,d7d6,d2d4,c5d4,f3d4,g8f6,b1c3,a7a6,c1e3
d2d4,d7d5,c2c4
d2d4,d7d5,c2c4,e7e6
d2d4,d7d5,c2c4,c7c6
d2d4,d7d5,g1f3,g8f6
d2d4,g8f6,c2c4,e7e6
d2d4,g8f6,c2c4,g7g6
d2d4,g8f6,c2c4,c7c5
e2e4,c7c5,g1f3,d7d6,d2d4,c5d4,f3d4,g8f6,b1c3,g7g6,c1e3
d2d4,e7e6,c2c4,b7b6
d2d4,g8f6,c2c4,g7g6,b1c3,f8g7,e2e4,d7d6,g1f3,e8g8
e2e4,e7e6,d2d4,d7d5,b1c3,f8b4,a2a3,b4c3,b2c3,c7c5,a3a4
e2e4,e7e5,g1f3,b8c6,d2d4,e5d4,f3d4,g8f6,d4c6,b7c6
c2c4,g8f6,b1c3,e7e6
g1f3,d7d5,c2c4
g1f3,g8f6,c2c4,c7c5
e2e4,c7c5,g1f3,d7d6,d2d4,c5d4,f3d4,g8f6,b1c3,b8c6
d2d4,d7d5,c2c4,e7e6,b1c3,g8f6,c1g5,f8e7,e2e3,e8g8
c2c4,c7c5,g2g3,g7g6,f1g2,f8g7,b1c3,b8c6,a1b1,a7a5
f2f4,d7d5
f2f4,e7e5
b1c3,d7d5
e2e4,e7e5,g1f3,b8c6,f1c4,f8c5,c2c3,g8f6,d2d4
g1f3,g8f6,g2g3,d7d5,f1g2,c7c6,e1g1,c8g4
e2e4,e7e5,g1f3,b8c6,f1c4,f8c5
e2e4,e7e5,g1f3,b8c6,f1b5
d2d4,d7d5,c2c4,e7e6,b1c3,g8f6
e2e4,c7c5,g1f3,d7d6,d2d4,c5d4
e2e4,e7e6,d2d4,d7d5,b1c3,f8b4
g1f3,d7d5,d2d4,g8f6,c2c4,e7e6
e2e4,e7e5,d2d4,e5d4,c2c3,d4c3,b1c3
d2d4,c7c5,d4d5,e7e6,c2c4,e6d5,c4d5
e2e4,d7d5,e4d5,g8f6,c2c4,c7c6,d5c6,b8c6
e2e4,e7e5,g1f3,d7d6,f1c4,h7h6,d2d3,f8e7,e1g1
d2d4,d7d5,g1f3,c8f5,c2c4,e7e6,d1b3,d8c8
e2e4,c7c5,c2c4,b8c6,b1c3,g7g6,g2g3,f8g7,f1g2,d7d6
