a2b3,b7c6
a2b3,h7g6
h2g3,a7b6
h2g3,h7g6
b2a3,g7h6
g2h3,b7a6
c2d3,f7e6
f2e3,c7d6
d2c3,e7f6
e2d3,d7c6
d2e3,e7d6
e2f3,d7e6
e2d3,d7c6,d3c4,c6b5
e2f3,d7e6,f3g4,e6f5
d2c3,e7d6,c3b4,d6c5
d2e3,e7f6,e3f4,f6g5
g1f3,e7e6,e2e3,g8f6,b1c3,b8c6,f1e2,f8e7
b1c3,d7d6,d2d3,b8c6,g1f3,g8f6,c1d2,c8d7
g1h3,h7h6,h3g5,h6g5
b1a3,a7a6,a3b5,a6b5
e2e3,e7e6,e3d4,e6d5,d4e5,d5e4
e2e3,e7e6,e3f4,e6f5,f4e5,f5e4
e2e3,e7e6,g1f3,g8f6,f1c4,f8c5,e1g1,e8g8
d2d3,d7d6,b1c3,b8c6,c1d2,c8d7,d1c1,d8c8
e2e3,e7e6,d2d3,d7d6,c2c3,c7c6,f2f3,f7f6,b2b3,b7b6,g2g3,g7g6
g2g3,g7g6,f1g2,f8g7,e2e3,e7e6,g1f3,g8f6,e1g1,e8g8
a2a3,a7a6,h2h3,h7h6,b2b3,b7b6,g2g3,g7g6
e2e3,d7d6,e3d4,d6d5,d4c5,d5c4
d2d3,e7e6,d3e4,e6e5,e4f5,e5f4
e2e3,e7e6,e1e2,e8e7,e2d3,e7d6
e2e3,e7e6,g1f3,g8f6,f1d3,f8d6,b1c3,b8c6
d2d3,d7d6,b1c3,b8c6,g1f3,g8f6,c1f4,c8f5
