e2e4,e7e5,g1f3,b8c6,f1c4,f8c5,b2b4
e2e4,e7e5,g1f3,b8c6,f1c4,f8c5,c2c3,g8f6,d2d4
e2e4,e7e5,g1f3,b8c6,d2d4,e5d4,f1c4,f8c5,c2c3
e2e4,e7e5,b1c3,g8f6,f2f4
e2e4,e7e5,d2d4,e5d4,c2c3
e2e4,e7e5,f2f4,e5f4,g1f3,g7g5
e2e4,e7e5,f2f4,e5f4,f1c4,d8h4
d2d4,d7d5,c2c4,e7e5
d2d4,d7d5,c2c4,c7c6,g1f3,g8f6,b1c3,d5c4,e2e4
d2d4,f7f5,e2e4
d2d4,g8f6,c2c4,e7e5
d2d4,g8f6,c2c4,c7c5,d4d5,b7b5
e2e4,e7e6,d2d4,d7d5,b1c3,f8b4,a2a3,b4c3,b2c3,c7c5,a3a4
e2e4,c7c5,g1f3,d7d6,d2d4,c5d4,f3d4,g8f6,b1c3,a7a6,c1g5
e2e4,c7c5,g1f3,d7d6,d2d4,c5d4,f3d4,g8f6,b1c3,g7g6,c1e3
e2e4,e7e5,g1f3,b8c6,d2d4,e5d4,f1c4,d8f6
e2e4,d7d5,e4d5,d8d5,b1c3,d5a5
f2f3,e7e5,g2g4
e2e4,e7e5,d1h5
g2g4,e7e5,f2f3
d2d4,d7d5,c2c4,d5c4,g1f3,g8f6,e2e3,e7e6,f1c4,c7c5,e1g1,a7a6
c2c4,c7c5,g2g3,g7g6,f1g2,f8g7,b1c3,b8c6,a1b1,a7a5
e2e4,e7e5,g1f3,b8c6,f1b5,a7a6,b5a4,g8f6,e1g1,f6e4,d2d4
e2e4,e7e5,g1f3,b8c6,f1b5,a7a6,b5c6,d7c6,e1g1
e2e4,c7c5,g1f3,d7d6,f1b5
e2e4,c7c5,g1f3,b8c6,f1b5
d2d4,g8f6,c1g5,c7c5,d4d5,d8b6
e2e4,d7d6,d2d4,g8f6,b1c3,g7g6,h2h3,f8g7,c1e3,c7c6,d1d2
g1f3,d7d5,c2c4,c7c6,b2b3
d2d4,d7d5,b1c3,c7c6,e2e4
a2a4,h7h5,h2h4,a7a5
b2b4,g7g5,c2c4,f7f5
c2c4,c7c5,d2d4,d7d5,c4d5,c5d4
